{"vertices":[0.0104445,-2.24748,0.171355,0.897624,-2.24748,0.171355,9.96888e-05,-0.76237,0.171355,0.907969,-0.76237,0.171355,0.454035,-1.84046,0.171355,0.454034,-0.76237,0.171355,0.960585,-0.758245,0.107522,-0.0525156,-0.758245,0.107522,0.454035,-0.758245,0.107522,0.960585,-0.758245,0.174852,-0.0525156,-0.758245,0.174852,0.454035,-0.758245,0.174852,9.96888e-05,-0.76237,0.111018,0.0104445,-2.24748,0.111018,0.454035,-1.84046,0.111018,0.897624,-2.24748,0.111018,0.907969,-0.76237,0.111018,0.454034,-0.76237,0.111018,0.454035,-0.694478,0.174852,0.454035,-0.694478,0.107522,-0.0525156,-0.694478,0.107522,-0.0525156,-0.694478,0.174852,0.960585,-0.694478,0.174852,0.960585,-0.694478,0.107522],"uvs":[],"normals":[5.07827e-08,7.53706e-08,-1,-5.07827e-08,7.53706e-08,-1,-1,-0,0,0,4.67367e-07,-1,0,0.646614,0.762818,-5.07827e-08,-7.53706e-08,1,5.07827e-08,-7.53706e-08,1,0.999976,0.00696549,0,0,0.646611,-0.76282,0,0.646611,-0.76282,0.676084,0.736824,0,-0.676084,0.736824,0,-0.999976,0.00696547,0,0,0.646614,0.762818,-0.0781639,0.996941,0,0.0781639,0.996941,0,0,4.67367e-07,-1,0,-4.67367e-07,1,1,0,0,0,-4.67367e-07,1,0,-1,0,-0,-1,-0,0,-1,-0],"faces":[35,4,5,3,1,0,0,0,0,0,35,0,2,5,4,0,1,1,1,1,35,6,9,22,23,0,2,2,2,2,35,11,10,21,18,0,3,3,3,3,35,17,16,6,8,0,4,4,4,4,35,14,15,16,17,0,5,5,5,5,35,13,14,17,12,0,6,6,6,6,35,2,0,13,12,0,7,7,7,7,35,5,2,10,11,0,8,8,8,8,35,3,5,11,9,0,9,9,9,9,35,4,1,15,14,0,10,10,10,10,35,0,4,14,13,0,11,11,11,11,35,1,3,16,15,0,12,12,12,12,35,12,17,8,7,0,13,13,13,13,35,16,3,9,6,0,14,14,14,14,35,2,12,7,10,0,15,15,15,15,35,9,11,18,22,0,16,16,16,16,35,7,8,19,20,0,17,17,17,17,35,10,7,20,21,0,18,18,18,18,35,8,6,23,19,0,19,19,19,19,34,21,20,19,0,20,20,20,34,19,23,22,0,21,21,21,34,18,21,19,0,20,20,20,34,19,22,18,0,22,22,22],"metadata":{"uvs":0,"normals":23,"type":"Geometry","version":3,"materials":0,"vertices":24,"generator":"io_three","faces":24},"materials":[]}